USE [Item Specifications]
GO
INSERT [dbo].[SUPPLIER_CATEGORY] ([CID], [LEVEL], [PARENT_CATEGORY_CID]) VALUES (11, 1, NULL)
INSERT [dbo].[SUPPLIER_CATEGORY] ([CID], [LEVEL], [PARENT_CATEGORY_CID]) VALUES (21, 1, NULL)
INSERT [dbo].[SUPPLIER_CATEGORY] ([CID], [LEVEL], [PARENT_CATEGORY_CID]) VALUES (31, 1, NULL)
INSERT [dbo].[SUPPLIER_CATEGORY] ([CID], [LEVEL], [PARENT_CATEGORY_CID]) VALUES (41, 1, NULL)
INSERT [dbo].[SUPPLIER_CATEGORY] ([CID], [LEVEL], [PARENT_CATEGORY_CID]) VALUES (51, 1, NULL)
INSERT [dbo].[SUPPLIER_CATEGORY] ([CID], [LEVEL], [PARENT_CATEGORY_CID]) VALUES (1101, 2, 11)
INSERT [dbo].[SUPPLIER_CATEGORY] ([CID], [LEVEL], [PARENT_CATEGORY_CID]) VALUES (1102, 2, 11)
INSERT [dbo].[SUPPLIER_CATEGORY] ([CID], [LEVEL], [PARENT_CATEGORY_CID]) VALUES (1103, 2, 11)
INSERT [dbo].[SUPPLIER_CATEGORY] ([CID], [LEVEL], [PARENT_CATEGORY_CID]) VALUES (2101, 2, 21)
INSERT [dbo].[SUPPLIER_CATEGORY] ([CID], [LEVEL], [PARENT_CATEGORY_CID]) VALUES (2102, 2, 21)
INSERT [dbo].[SUPPLIER_CATEGORY] ([CID], [LEVEL], [PARENT_CATEGORY_CID]) VALUES (2103, 2, 21)
INSERT [dbo].[SUPPLIER_CATEGORY] ([CID], [LEVEL], [PARENT_CATEGORY_CID]) VALUES (3101, 2, 31)
INSERT [dbo].[SUPPLIER_CATEGORY] ([CID], [LEVEL], [PARENT_CATEGORY_CID]) VALUES (3102, 2, 31)
INSERT [dbo].[SUPPLIER_CATEGORY] ([CID], [LEVEL], [PARENT_CATEGORY_CID]) VALUES (3103, 2, 31)
INSERT [dbo].[SUPPLIER_CATEGORY] ([CID], [LEVEL], [PARENT_CATEGORY_CID]) VALUES (4101, 2, 41)
INSERT [dbo].[SUPPLIER_CATEGORY] ([CID], [LEVEL], [PARENT_CATEGORY_CID]) VALUES (4102, 2, 41)
INSERT [dbo].[SUPPLIER_CATEGORY] ([CID], [LEVEL], [PARENT_CATEGORY_CID]) VALUES (4103, 2, 41)
INSERT [dbo].[SUPPLIER_CATEGORY] ([CID], [LEVEL], [PARENT_CATEGORY_CID]) VALUES (5101, 2, 51)
INSERT [dbo].[SUPPLIER_CATEGORY] ([CID], [LEVEL], [PARENT_CATEGORY_CID]) VALUES (5102, 2, 51)
INSERT [dbo].[SUPPLIER_CATEGORY] ([CID], [LEVEL], [PARENT_CATEGORY_CID]) VALUES (5103, 2, 51)
GO
SET IDENTITY_INSERT [dbo].[SUPPLIER] ON 

INSERT [dbo].[SUPPLIER] ([ID], [SUPPLIER_CATEGORY_CID]) VALUES (1, 11)
INSERT [dbo].[SUPPLIER] ([ID], [SUPPLIER_CATEGORY_CID]) VALUES (2, 21)
INSERT [dbo].[SUPPLIER] ([ID], [SUPPLIER_CATEGORY_CID]) VALUES (3, 31)
SET IDENTITY_INSERT [dbo].[SUPPLIER] OFF
GO
INSERT [dbo].[COUNTRY] ([CID]) VALUES (1)
INSERT [dbo].[COUNTRY] ([CID]) VALUES (11)
INSERT [dbo].[COUNTRY] ([CID]) VALUES (20)
INSERT [dbo].[COUNTRY] ([CID]) VALUES (30)
INSERT [dbo].[COUNTRY] ([CID]) VALUES (31)
INSERT [dbo].[COUNTRY] ([CID]) VALUES (32)
INSERT [dbo].[COUNTRY] ([CID]) VALUES (33)
INSERT [dbo].[COUNTRY] ([CID]) VALUES (34)
INSERT [dbo].[COUNTRY] ([CID]) VALUES (36)
INSERT [dbo].[COUNTRY] ([CID]) VALUES (39)
INSERT [dbo].[COUNTRY] ([CID]) VALUES (40)
INSERT [dbo].[COUNTRY] ([CID]) VALUES (43)
INSERT [dbo].[COUNTRY] ([CID]) VALUES (44)
INSERT [dbo].[COUNTRY] ([CID]) VALUES (45)
INSERT [dbo].[COUNTRY] ([CID]) VALUES (48)
INSERT [dbo].[COUNTRY] ([CID]) VALUES (49)
INSERT [dbo].[COUNTRY] ([CID]) VALUES (61)
INSERT [dbo].[COUNTRY] ([CID]) VALUES (81)
INSERT [dbo].[COUNTRY] ([CID]) VALUES (351)
INSERT [dbo].[COUNTRY] ([CID]) VALUES (352)
INSERT [dbo].[COUNTRY] ([CID]) VALUES (353)
INSERT [dbo].[COUNTRY] ([CID]) VALUES (355)
INSERT [dbo].[COUNTRY] ([CID]) VALUES (357)
INSERT [dbo].[COUNTRY] ([CID]) VALUES (359)
INSERT [dbo].[COUNTRY] ([CID]) VALUES (370)
INSERT [dbo].[COUNTRY] ([CID]) VALUES (371)
INSERT [dbo].[COUNTRY] ([CID]) VALUES (372)
INSERT [dbo].[COUNTRY] ([CID]) VALUES (373)
INSERT [dbo].[COUNTRY] ([CID]) VALUES (381)
INSERT [dbo].[COUNTRY] ([CID]) VALUES (382)
INSERT [dbo].[COUNTRY] ([CID]) VALUES (385)
INSERT [dbo].[COUNTRY] ([CID]) VALUES (386)
INSERT [dbo].[COUNTRY] ([CID]) VALUES (387)
INSERT [dbo].[COUNTRY] ([CID]) VALUES (389)
INSERT [dbo].[COUNTRY] ([CID]) VALUES (420)
INSERT [dbo].[COUNTRY] ([CID]) VALUES (421)
GO
SET IDENTITY_INSERT [dbo].[BANK] ON 

INSERT [dbo].[BANK] ([ID], [COUNTRY_CID]) VALUES (1, 30)
INSERT [dbo].[BANK] ([ID], [COUNTRY_CID]) VALUES (2, 49)
INSERT [dbo].[BANK] ([ID], [COUNTRY_CID]) VALUES (3, 1)
SET IDENTITY_INSERT [dbo].[BANK] OFF
GO
SET IDENTITY_INSERT [dbo].[BANK_ACCOUNT] ON 

INSERT [dbo].[BANK_ACCOUNT] ([ID], [SUPPLIER_ID], [IBAN], [BANK_ID]) VALUES (1, 1, N'GR1601101250000001234567890', 1)
INSERT [dbo].[BANK_ACCOUNT] ([ID], [SUPPLIER_ID], [IBAN], [BANK_ID]) VALUES (2, 2, N'DE89370400440532013000', 2)
INSERT [dbo].[BANK_ACCOUNT] ([ID], [SUPPLIER_ID], [IBAN], [BANK_ID]) VALUES (3, 3, N'GB29NWBK60161331926819', 3)
SET IDENTITY_INSERT [dbo].[BANK_ACCOUNT] OFF
GO
INSERT [dbo].[PAYMENT_TYPE] ([CID]) VALUES (1)
INSERT [dbo].[PAYMENT_TYPE] ([CID]) VALUES (2)
INSERT [dbo].[PAYMENT_TYPE] ([CID]) VALUES (3)
INSERT [dbo].[PAYMENT_TYPE] ([CID]) VALUES (4)
INSERT [dbo].[PAYMENT_TYPE] ([CID]) VALUES (5)
GO
INSERT [dbo].[CUSTOMER_CATEGORY] ([CID], [LEVEL], [PARENT_CATEGORY_CID]) VALUES (10, 1, NULL)
INSERT [dbo].[CUSTOMER_CATEGORY] ([CID], [LEVEL], [PARENT_CATEGORY_CID]) VALUES (20, 1, NULL)
INSERT [dbo].[CUSTOMER_CATEGORY] ([CID], [LEVEL], [PARENT_CATEGORY_CID]) VALUES (30, 1, NULL)
INSERT [dbo].[CUSTOMER_CATEGORY] ([CID], [LEVEL], [PARENT_CATEGORY_CID]) VALUES (40, 1, NULL)
INSERT [dbo].[CUSTOMER_CATEGORY] ([CID], [LEVEL], [PARENT_CATEGORY_CID]) VALUES (50, 1, NULL)
INSERT [dbo].[CUSTOMER_CATEGORY] ([CID], [LEVEL], [PARENT_CATEGORY_CID]) VALUES (1001, 2, 10)
INSERT [dbo].[CUSTOMER_CATEGORY] ([CID], [LEVEL], [PARENT_CATEGORY_CID]) VALUES (1002, 2, 10)
INSERT [dbo].[CUSTOMER_CATEGORY] ([CID], [LEVEL], [PARENT_CATEGORY_CID]) VALUES (1003, 2, 10)
INSERT [dbo].[CUSTOMER_CATEGORY] ([CID], [LEVEL], [PARENT_CATEGORY_CID]) VALUES (2001, 2, 20)
INSERT [dbo].[CUSTOMER_CATEGORY] ([CID], [LEVEL], [PARENT_CATEGORY_CID]) VALUES (2002, 2, 20)
INSERT [dbo].[CUSTOMER_CATEGORY] ([CID], [LEVEL], [PARENT_CATEGORY_CID]) VALUES (2003, 2, 20)
INSERT [dbo].[CUSTOMER_CATEGORY] ([CID], [LEVEL], [PARENT_CATEGORY_CID]) VALUES (3001, 2, 30)
INSERT [dbo].[CUSTOMER_CATEGORY] ([CID], [LEVEL], [PARENT_CATEGORY_CID]) VALUES (3002, 2, 30)
INSERT [dbo].[CUSTOMER_CATEGORY] ([CID], [LEVEL], [PARENT_CATEGORY_CID]) VALUES (3003, 2, 30)
INSERT [dbo].[CUSTOMER_CATEGORY] ([CID], [LEVEL], [PARENT_CATEGORY_CID]) VALUES (4001, 2, 40)
INSERT [dbo].[CUSTOMER_CATEGORY] ([CID], [LEVEL], [PARENT_CATEGORY_CID]) VALUES (4002, 2, 40)
INSERT [dbo].[CUSTOMER_CATEGORY] ([CID], [LEVEL], [PARENT_CATEGORY_CID]) VALUES (4003, 2, 40)
INSERT [dbo].[CUSTOMER_CATEGORY] ([CID], [LEVEL], [PARENT_CATEGORY_CID]) VALUES (5001, 2, 50)
INSERT [dbo].[CUSTOMER_CATEGORY] ([CID], [LEVEL], [PARENT_CATEGORY_CID]) VALUES (5002, 2, 50)
INSERT [dbo].[CUSTOMER_CATEGORY] ([CID], [LEVEL], [PARENT_CATEGORY_CID]) VALUES (5003, 2, 50)
GO
SET IDENTITY_INSERT [dbo].[CUSTOMER] ON 

INSERT [dbo].[CUSTOMER] ([ID], [CUSTOMER_CATEGORY_CID]) VALUES (1, 10)
INSERT [dbo].[CUSTOMER] ([ID], [CUSTOMER_CATEGORY_CID]) VALUES (2, 20)
INSERT [dbo].[CUSTOMER] ([ID], [CUSTOMER_CATEGORY_CID]) VALUES (3, 30)
SET IDENTITY_INSERT [dbo].[CUSTOMER] OFF
GO
INSERT [dbo].[STORE] ([CID]) VALUES (101)
INSERT [dbo].[STORE] ([CID]) VALUES (102)
INSERT [dbo].[STORE] ([CID]) VALUES (103)
INSERT [dbo].[STORE] ([CID]) VALUES (104)
INSERT [dbo].[STORE] ([CID]) VALUES (105)
GO
SET IDENTITY_INSERT [dbo].[ITEM_ORDER] ON 

INSERT [dbo].[ITEM_ORDER] ([ID], [IS_CUSTOMER_ORDER], [CUSTOMER_ID], [SUPPLIER_ID], [ORDER_DATETIME], [STORE_CID]) VALUES (1, 1, 1, NULL, CAST(N'2024-09-10T14:30:00.000' AS DateTime), 101)
INSERT [dbo].[ITEM_ORDER] ([ID], [IS_CUSTOMER_ORDER], [CUSTOMER_ID], [SUPPLIER_ID], [ORDER_DATETIME], [STORE_CID]) VALUES (2, 1, 2, NULL, CAST(N'2024-09-15T09:00:00.000' AS DateTime), 102)
INSERT [dbo].[ITEM_ORDER] ([ID], [IS_CUSTOMER_ORDER], [CUSTOMER_ID], [SUPPLIER_ID], [ORDER_DATETIME], [STORE_CID]) VALUES (3, 1, 3, NULL, CAST(N'2024-09-20T11:45:00.000' AS DateTime), 103)
INSERT [dbo].[ITEM_ORDER] ([ID], [IS_CUSTOMER_ORDER], [CUSTOMER_ID], [SUPPLIER_ID], [ORDER_DATETIME], [STORE_CID]) VALUES (4, 0, NULL, 1, CAST(N'2024-09-12T10:00:00.000' AS DateTime), 101)
INSERT [dbo].[ITEM_ORDER] ([ID], [IS_CUSTOMER_ORDER], [CUSTOMER_ID], [SUPPLIER_ID], [ORDER_DATETIME], [STORE_CID]) VALUES (5, 0, NULL, 2, CAST(N'2024-09-18T16:30:00.000' AS DateTime), 102)
INSERT [dbo].[ITEM_ORDER] ([ID], [IS_CUSTOMER_ORDER], [CUSTOMER_ID], [SUPPLIER_ID], [ORDER_DATETIME], [STORE_CID]) VALUES (6, 0, NULL, 3, CAST(N'2024-09-25T13:15:00.000' AS DateTime), 103)
SET IDENTITY_INSERT [dbo].[ITEM_ORDER] OFF
GO
SET IDENTITY_INSERT [dbo].[PAYMENT] ON 

INSERT [dbo].[PAYMENT] ([ID], [IS_CUSTOMER_PAYMENT], [CUSTOMER_ID], [SUPPLIER_ID], [ITEM_ORDER_ID], [PAYMENT_DATETIME]) VALUES (1, 1, 1, NULL, 1, CAST(N'2024-11-02T08:00:00.000' AS DateTime))
INSERT [dbo].[PAYMENT] ([ID], [IS_CUSTOMER_PAYMENT], [CUSTOMER_ID], [SUPPLIER_ID], [ITEM_ORDER_ID], [PAYMENT_DATETIME]) VALUES (2, 1, 2, NULL, 2, CAST(N'2024-11-02T09:30:00.000' AS DateTime))
INSERT [dbo].[PAYMENT] ([ID], [IS_CUSTOMER_PAYMENT], [CUSTOMER_ID], [SUPPLIER_ID], [ITEM_ORDER_ID], [PAYMENT_DATETIME]) VALUES (3, 1, 3, NULL, 3, CAST(N'2024-11-02T11:00:00.000' AS DateTime))
INSERT [dbo].[PAYMENT] ([ID], [IS_CUSTOMER_PAYMENT], [CUSTOMER_ID], [SUPPLIER_ID], [ITEM_ORDER_ID], [PAYMENT_DATETIME]) VALUES (4, 0, NULL, 1, 4, CAST(N'2024-11-02T08:30:00.000' AS DateTime))
INSERT [dbo].[PAYMENT] ([ID], [IS_CUSTOMER_PAYMENT], [CUSTOMER_ID], [SUPPLIER_ID], [ITEM_ORDER_ID], [PAYMENT_DATETIME]) VALUES (5, 0, NULL, 2, 5, CAST(N'2024-11-02T10:00:00.000' AS DateTime))
INSERT [dbo].[PAYMENT] ([ID], [IS_CUSTOMER_PAYMENT], [CUSTOMER_ID], [SUPPLIER_ID], [ITEM_ORDER_ID], [PAYMENT_DATETIME]) VALUES (6, 0, NULL, 3, 6, CAST(N'2024-11-02T13:00:00.000' AS DateTime))
SET IDENTITY_INSERT [dbo].[PAYMENT] OFF
GO
SET IDENTITY_INSERT [dbo].[PAYMENT_LINE] ON 

INSERT [dbo].[PAYMENT_LINE] ([ID], [PAYMENT_ID], [PAYMENT_TYPE_CID], [AMOUNT], [BANK_ACCOUNT_ID]) VALUES (1, 1, 1, 500, 1)
INSERT [dbo].[PAYMENT_LINE] ([ID], [PAYMENT_ID], [PAYMENT_TYPE_CID], [AMOUNT], [BANK_ACCOUNT_ID]) VALUES (2, 1, 2, 1000, 2)
INSERT [dbo].[PAYMENT_LINE] ([ID], [PAYMENT_ID], [PAYMENT_TYPE_CID], [AMOUNT], [BANK_ACCOUNT_ID]) VALUES (3, 1, 3, 2000, 3)
INSERT [dbo].[PAYMENT_LINE] ([ID], [PAYMENT_ID], [PAYMENT_TYPE_CID], [AMOUNT], [BANK_ACCOUNT_ID]) VALUES (4, 2, 1, 500, 1)
INSERT [dbo].[PAYMENT_LINE] ([ID], [PAYMENT_ID], [PAYMENT_TYPE_CID], [AMOUNT], [BANK_ACCOUNT_ID]) VALUES (5, 2, 2, 1000, 2)
INSERT [dbo].[PAYMENT_LINE] ([ID], [PAYMENT_ID], [PAYMENT_TYPE_CID], [AMOUNT], [BANK_ACCOUNT_ID]) VALUES (6, 2, 3, 2000, 3)
INSERT [dbo].[PAYMENT_LINE] ([ID], [PAYMENT_ID], [PAYMENT_TYPE_CID], [AMOUNT], [BANK_ACCOUNT_ID]) VALUES (7, 3, 1, 500, 1)
INSERT [dbo].[PAYMENT_LINE] ([ID], [PAYMENT_ID], [PAYMENT_TYPE_CID], [AMOUNT], [BANK_ACCOUNT_ID]) VALUES (8, 3, 2, 1000, 2)
INSERT [dbo].[PAYMENT_LINE] ([ID], [PAYMENT_ID], [PAYMENT_TYPE_CID], [AMOUNT], [BANK_ACCOUNT_ID]) VALUES (9, 3, 3, 2000, 3)
INSERT [dbo].[PAYMENT_LINE] ([ID], [PAYMENT_ID], [PAYMENT_TYPE_CID], [AMOUNT], [BANK_ACCOUNT_ID]) VALUES (10, 4, 1, 500, 1)
INSERT [dbo].[PAYMENT_LINE] ([ID], [PAYMENT_ID], [PAYMENT_TYPE_CID], [AMOUNT], [BANK_ACCOUNT_ID]) VALUES (11, 4, 2, 1000, 2)
INSERT [dbo].[PAYMENT_LINE] ([ID], [PAYMENT_ID], [PAYMENT_TYPE_CID], [AMOUNT], [BANK_ACCOUNT_ID]) VALUES (12, 4, 3, 2000, 3)
INSERT [dbo].[PAYMENT_LINE] ([ID], [PAYMENT_ID], [PAYMENT_TYPE_CID], [AMOUNT], [BANK_ACCOUNT_ID]) VALUES (13, 5, 1, 500, 1)
INSERT [dbo].[PAYMENT_LINE] ([ID], [PAYMENT_ID], [PAYMENT_TYPE_CID], [AMOUNT], [BANK_ACCOUNT_ID]) VALUES (14, 5, 2, 1000, 2)
INSERT [dbo].[PAYMENT_LINE] ([ID], [PAYMENT_ID], [PAYMENT_TYPE_CID], [AMOUNT], [BANK_ACCOUNT_ID]) VALUES (15, 5, 3, 2000, 3)
INSERT [dbo].[PAYMENT_LINE] ([ID], [PAYMENT_ID], [PAYMENT_TYPE_CID], [AMOUNT], [BANK_ACCOUNT_ID]) VALUES (16, 6, 1, 500, 1)
INSERT [dbo].[PAYMENT_LINE] ([ID], [PAYMENT_ID], [PAYMENT_TYPE_CID], [AMOUNT], [BANK_ACCOUNT_ID]) VALUES (17, 6, 2, 1000, 2)
INSERT [dbo].[PAYMENT_LINE] ([ID], [PAYMENT_ID], [PAYMENT_TYPE_CID], [AMOUNT], [BANK_ACCOUNT_ID]) VALUES (18, 6, 3, 2000, 3)
SET IDENTITY_INSERT [dbo].[PAYMENT_LINE] OFF
GO
INSERT [dbo].[STORE_POS] ([CID], [STORE_CID]) VALUES (1001, 101)
INSERT [dbo].[STORE_POS] ([CID], [STORE_CID]) VALUES (1002, 101)
INSERT [dbo].[STORE_POS] ([CID], [STORE_CID]) VALUES (1003, 101)
INSERT [dbo].[STORE_POS] ([CID], [STORE_CID]) VALUES (1004, 101)
INSERT [dbo].[STORE_POS] ([CID], [STORE_CID]) VALUES (1005, 101)
INSERT [dbo].[STORE_POS] ([CID], [STORE_CID]) VALUES (2001, 102)
INSERT [dbo].[STORE_POS] ([CID], [STORE_CID]) VALUES (2002, 102)
INSERT [dbo].[STORE_POS] ([CID], [STORE_CID]) VALUES (2003, 102)
INSERT [dbo].[STORE_POS] ([CID], [STORE_CID]) VALUES (2004, 102)
INSERT [dbo].[STORE_POS] ([CID], [STORE_CID]) VALUES (2005, 102)
INSERT [dbo].[STORE_POS] ([CID], [STORE_CID]) VALUES (3001, 103)
INSERT [dbo].[STORE_POS] ([CID], [STORE_CID]) VALUES (3002, 103)
INSERT [dbo].[STORE_POS] ([CID], [STORE_CID]) VALUES (3003, 103)
INSERT [dbo].[STORE_POS] ([CID], [STORE_CID]) VALUES (3004, 103)
INSERT [dbo].[STORE_POS] ([CID], [STORE_CID]) VALUES (3005, 103)
INSERT [dbo].[STORE_POS] ([CID], [STORE_CID]) VALUES (4001, 104)
INSERT [dbo].[STORE_POS] ([CID], [STORE_CID]) VALUES (4002, 104)
INSERT [dbo].[STORE_POS] ([CID], [STORE_CID]) VALUES (4003, 104)
INSERT [dbo].[STORE_POS] ([CID], [STORE_CID]) VALUES (4004, 104)
INSERT [dbo].[STORE_POS] ([CID], [STORE_CID]) VALUES (4005, 104)
INSERT [dbo].[STORE_POS] ([CID], [STORE_CID]) VALUES (5001, 105)
INSERT [dbo].[STORE_POS] ([CID], [STORE_CID]) VALUES (5002, 105)
INSERT [dbo].[STORE_POS] ([CID], [STORE_CID]) VALUES (5003, 105)
INSERT [dbo].[STORE_POS] ([CID], [STORE_CID]) VALUES (5004, 105)
INSERT [dbo].[STORE_POS] ([CID], [STORE_CID]) VALUES (5005, 105)
GO
SET IDENTITY_INSERT [dbo].[ITEM_INV] ON 

INSERT [dbo].[ITEM_INV] ([ID], [STORE_CID]) VALUES (1, 101)
INSERT [dbo].[ITEM_INV] ([ID], [STORE_CID]) VALUES (2, 102)
INSERT [dbo].[ITEM_INV] ([ID], [STORE_CID]) VALUES (3, 103)
SET IDENTITY_INSERT [dbo].[ITEM_INV] OFF
GO
SET IDENTITY_INSERT [dbo].[ITEM_PICKING] ON 

INSERT [dbo].[ITEM_PICKING] ([ID], [ITEM_ORDER_ID], [PICKING_START_DATETIME], [PICKING_END_DATETIME], [STORE_CID]) VALUES (1, 1, CAST(N'2024-11-01T08:00:00.000' AS DateTime), CAST(N'2024-11-01T09:00:00.000' AS DateTime), 101)
INSERT [dbo].[ITEM_PICKING] ([ID], [ITEM_ORDER_ID], [PICKING_START_DATETIME], [PICKING_END_DATETIME], [STORE_CID]) VALUES (2, 2, CAST(N'2024-11-01T09:30:00.000' AS DateTime), CAST(N'2024-11-01T10:30:00.000' AS DateTime), 102)
INSERT [dbo].[ITEM_PICKING] ([ID], [ITEM_ORDER_ID], [PICKING_START_DATETIME], [PICKING_END_DATETIME], [STORE_CID]) VALUES (3, 3, CAST(N'2024-11-01T11:00:00.000' AS DateTime), CAST(N'2024-11-01T12:00:00.000' AS DateTime), 103)
INSERT [dbo].[ITEM_PICKING] ([ID], [ITEM_ORDER_ID], [PICKING_START_DATETIME], [PICKING_END_DATETIME], [STORE_CID]) VALUES (4, 4, CAST(N'2024-11-01T08:30:00.000' AS DateTime), CAST(N'2024-11-01T09:30:00.000' AS DateTime), 101)
INSERT [dbo].[ITEM_PICKING] ([ID], [ITEM_ORDER_ID], [PICKING_START_DATETIME], [PICKING_END_DATETIME], [STORE_CID]) VALUES (5, 5, CAST(N'2024-11-01T10:00:00.000' AS DateTime), CAST(N'2024-11-01T11:00:00.000' AS DateTime), 102)
INSERT [dbo].[ITEM_PICKING] ([ID], [ITEM_ORDER_ID], [PICKING_START_DATETIME], [PICKING_END_DATETIME], [STORE_CID]) VALUES (6, 6, CAST(N'2024-11-01T13:00:00.000' AS DateTime), CAST(N'2024-11-01T14:00:00.000' AS DateTime), 103)
SET IDENTITY_INSERT [dbo].[ITEM_PICKING] OFF
GO
INSERT [dbo].[PACKAGE_TYPE] ([CID]) VALUES (1)
INSERT [dbo].[PACKAGE_TYPE] ([CID]) VALUES (2)
INSERT [dbo].[PACKAGE_TYPE] ([CID]) VALUES (3)
INSERT [dbo].[PACKAGE_TYPE] ([CID]) VALUES (4)
INSERT [dbo].[PACKAGE_TYPE] ([CID]) VALUES (5)
GO
INSERT [dbo].[MEASUREMENT_UNIT] ([CID], [UNIT_NAME]) VALUES (1, N'Pieces')
INSERT [dbo].[MEASUREMENT_UNIT] ([CID], [UNIT_NAME]) VALUES (2, N'Inches')
INSERT [dbo].[MEASUREMENT_UNIT] ([CID], [UNIT_NAME]) VALUES (3, N'Boxes')
GO
INSERT [dbo].[ITEM_CATEGORY] ([CID], [LEVEL], [PARENT_CATEGORY_CID], [CATEGORY_NAME]) VALUES (1, 1, NULL, N'Computers & Laptops')
INSERT [dbo].[ITEM_CATEGORY] ([CID], [LEVEL], [PARENT_CATEGORY_CID], [CATEGORY_NAME]) VALUES (2, 1, NULL, N'Monitors & Displays')
INSERT [dbo].[ITEM_CATEGORY] ([CID], [LEVEL], [PARENT_CATEGORY_CID], [CATEGORY_NAME]) VALUES (3, 1, NULL, N'Computer Peripherals')
INSERT [dbo].[ITEM_CATEGORY] ([CID], [LEVEL], [PARENT_CATEGORY_CID], [CATEGORY_NAME]) VALUES (4, 1, NULL, N'Components')
INSERT [dbo].[ITEM_CATEGORY] ([CID], [LEVEL], [PARENT_CATEGORY_CID], [CATEGORY_NAME]) VALUES (5, 1, NULL, N'Accessories')
INSERT [dbo].[ITEM_CATEGORY] ([CID], [LEVEL], [PARENT_CATEGORY_CID], [CATEGORY_NAME]) VALUES (101, 2, 1, N'Laptops')
INSERT [dbo].[ITEM_CATEGORY] ([CID], [LEVEL], [PARENT_CATEGORY_CID], [CATEGORY_NAME]) VALUES (102, 2, 1, N'Desktops')
INSERT [dbo].[ITEM_CATEGORY] ([CID], [LEVEL], [PARENT_CATEGORY_CID], [CATEGORY_NAME]) VALUES (103, 2, 1, N'Monitors')
INSERT [dbo].[ITEM_CATEGORY] ([CID], [LEVEL], [PARENT_CATEGORY_CID], [CATEGORY_NAME]) VALUES (104, 2, 1, N'Cameras')
INSERT [dbo].[ITEM_CATEGORY] ([CID], [LEVEL], [PARENT_CATEGORY_CID], [CATEGORY_NAME]) VALUES (105, 2, 1, N'Headphones')
INSERT [dbo].[ITEM_CATEGORY] ([CID], [LEVEL], [PARENT_CATEGORY_CID], [CATEGORY_NAME]) VALUES (106, 2, 1, N'Storage Devices')
INSERT [dbo].[ITEM_CATEGORY] ([CID], [LEVEL], [PARENT_CATEGORY_CID], [CATEGORY_NAME]) VALUES (107, 2, 1, N'Motherboards & RAM')
INSERT [dbo].[ITEM_CATEGORY] ([CID], [LEVEL], [PARENT_CATEGORY_CID], [CATEGORY_NAME]) VALUES (201, 2, 2, N'Graphics Cards')
INSERT [dbo].[ITEM_CATEGORY] ([CID], [LEVEL], [PARENT_CATEGORY_CID], [CATEGORY_NAME]) VALUES (202, 2, 2, NULL)
INSERT [dbo].[ITEM_CATEGORY] ([CID], [LEVEL], [PARENT_CATEGORY_CID], [CATEGORY_NAME]) VALUES (203, 2, 2, NULL)
INSERT [dbo].[ITEM_CATEGORY] ([CID], [LEVEL], [PARENT_CATEGORY_CID], [CATEGORY_NAME]) VALUES (204, 2, 2, NULL)
INSERT [dbo].[ITEM_CATEGORY] ([CID], [LEVEL], [PARENT_CATEGORY_CID], [CATEGORY_NAME]) VALUES (205, 2, 2, NULL)
INSERT [dbo].[ITEM_CATEGORY] ([CID], [LEVEL], [PARENT_CATEGORY_CID], [CATEGORY_NAME]) VALUES (206, 2, 2, NULL)
INSERT [dbo].[ITEM_CATEGORY] ([CID], [LEVEL], [PARENT_CATEGORY_CID], [CATEGORY_NAME]) VALUES (207, 2, 2, NULL)
INSERT [dbo].[ITEM_CATEGORY] ([CID], [LEVEL], [PARENT_CATEGORY_CID], [CATEGORY_NAME]) VALUES (301, 2, 3, N'Keyboards')
INSERT [dbo].[ITEM_CATEGORY] ([CID], [LEVEL], [PARENT_CATEGORY_CID], [CATEGORY_NAME]) VALUES (302, 2, 3, N'Mice')
INSERT [dbo].[ITEM_CATEGORY] ([CID], [LEVEL], [PARENT_CATEGORY_CID], [CATEGORY_NAME]) VALUES (303, 2, 3, NULL)
INSERT [dbo].[ITEM_CATEGORY] ([CID], [LEVEL], [PARENT_CATEGORY_CID], [CATEGORY_NAME]) VALUES (304, 2, 3, NULL)
INSERT [dbo].[ITEM_CATEGORY] ([CID], [LEVEL], [PARENT_CATEGORY_CID], [CATEGORY_NAME]) VALUES (305, 2, 3, NULL)
INSERT [dbo].[ITEM_CATEGORY] ([CID], [LEVEL], [PARENT_CATEGORY_CID], [CATEGORY_NAME]) VALUES (306, 2, 3, NULL)
INSERT [dbo].[ITEM_CATEGORY] ([CID], [LEVEL], [PARENT_CATEGORY_CID], [CATEGORY_NAME]) VALUES (307, 2, 3, NULL)
INSERT [dbo].[ITEM_CATEGORY] ([CID], [LEVEL], [PARENT_CATEGORY_CID], [CATEGORY_NAME]) VALUES (401, 2, 4, NULL)
INSERT [dbo].[ITEM_CATEGORY] ([CID], [LEVEL], [PARENT_CATEGORY_CID], [CATEGORY_NAME]) VALUES (402, 2, 4, NULL)
INSERT [dbo].[ITEM_CATEGORY] ([CID], [LEVEL], [PARENT_CATEGORY_CID], [CATEGORY_NAME]) VALUES (403, 2, 4, NULL)
INSERT [dbo].[ITEM_CATEGORY] ([CID], [LEVEL], [PARENT_CATEGORY_CID], [CATEGORY_NAME]) VALUES (404, 2, 4, NULL)
INSERT [dbo].[ITEM_CATEGORY] ([CID], [LEVEL], [PARENT_CATEGORY_CID], [CATEGORY_NAME]) VALUES (405, 2, 4, NULL)
INSERT [dbo].[ITEM_CATEGORY] ([CID], [LEVEL], [PARENT_CATEGORY_CID], [CATEGORY_NAME]) VALUES (406, 2, 4, NULL)
INSERT [dbo].[ITEM_CATEGORY] ([CID], [LEVEL], [PARENT_CATEGORY_CID], [CATEGORY_NAME]) VALUES (407, 2, 4, NULL)
INSERT [dbo].[ITEM_CATEGORY] ([CID], [LEVEL], [PARENT_CATEGORY_CID], [CATEGORY_NAME]) VALUES (501, 2, 5, NULL)
INSERT [dbo].[ITEM_CATEGORY] ([CID], [LEVEL], [PARENT_CATEGORY_CID], [CATEGORY_NAME]) VALUES (502, 2, 5, NULL)
INSERT [dbo].[ITEM_CATEGORY] ([CID], [LEVEL], [PARENT_CATEGORY_CID], [CATEGORY_NAME]) VALUES (503, 2, 5, NULL)
INSERT [dbo].[ITEM_CATEGORY] ([CID], [LEVEL], [PARENT_CATEGORY_CID], [CATEGORY_NAME]) VALUES (504, 2, 5, NULL)
INSERT [dbo].[ITEM_CATEGORY] ([CID], [LEVEL], [PARENT_CATEGORY_CID], [CATEGORY_NAME]) VALUES (505, 2, 5, NULL)
INSERT [dbo].[ITEM_CATEGORY] ([CID], [LEVEL], [PARENT_CATEGORY_CID], [CATEGORY_NAME]) VALUES (506, 2, 5, NULL)
INSERT [dbo].[ITEM_CATEGORY] ([CID], [LEVEL], [PARENT_CATEGORY_CID], [CATEGORY_NAME]) VALUES (507, 2, 5, NULL)
GO
SET IDENTITY_INSERT [dbo].[ITEM] ON 

INSERT [dbo].[ITEM] ([ID], [CODE], [MEASUREMENT_UNIT_CID], [ITEM_CATEGORY_CID], [NAME], [PRICE], [ISCOMPANYPRODUCED], [QUANTITY]) VALUES (2, N'DESKTOP-001', 1, 102, N'Desktop Computer', CAST(799.99 AS Decimal(18, 2)), 0, CAST(10.00 AS Decimal(10, 2)))
INSERT [dbo].[ITEM] ([ID], [CODE], [MEASUREMENT_UNIT_CID], [ITEM_CATEGORY_CID], [NAME], [PRICE], [ISCOMPANYPRODUCED], [QUANTITY]) VALUES (3, N'MONITOR-001', 2, 103, N'Monitor', CAST(199.99 AS Decimal(18, 2)), 0, CAST(1.00 AS Decimal(10, 2)))
INSERT [dbo].[ITEM] ([ID], [CODE], [MEASUREMENT_UNIT_CID], [ITEM_CATEGORY_CID], [NAME], [PRICE], [ISCOMPANYPRODUCED], [QUANTITY]) VALUES (4, N'KEYBOARD-001', 1, 301, N'Keyboard', CAST(49.99 AS Decimal(18, 2)), 0, CAST(10.00 AS Decimal(10, 2)))
INSERT [dbo].[ITEM] ([ID], [CODE], [MEASUREMENT_UNIT_CID], [ITEM_CATEGORY_CID], [NAME], [PRICE], [ISCOMPANYPRODUCED], [QUANTITY]) VALUES (5, N'MOUSE-001', 1, 302, N'Mouse', CAST(25.99 AS Decimal(18, 2)), 0, CAST(10.00 AS Decimal(10, 2)))
INSERT [dbo].[ITEM] ([ID], [CODE], [MEASUREMENT_UNIT_CID], [ITEM_CATEGORY_CID], [NAME], [PRICE], [ISCOMPANYPRODUCED], [QUANTITY]) VALUES (6, N'HDD-001', 3, 106, N'Hard Disk Drive', CAST(75.50 AS Decimal(18, 2)), 1, CAST(5.00 AS Decimal(10, 2)))
INSERT [dbo].[ITEM] ([ID], [CODE], [MEASUREMENT_UNIT_CID], [ITEM_CATEGORY_CID], [NAME], [PRICE], [ISCOMPANYPRODUCED], [QUANTITY]) VALUES (7, N'SSD-001', 3, 106, N'Solid State Drive', CAST(120.00 AS Decimal(18, 2)), 1, CAST(5.00 AS Decimal(10, 2)))
INSERT [dbo].[ITEM] ([ID], [CODE], [MEASUREMENT_UNIT_CID], [ITEM_CATEGORY_CID], [NAME], [PRICE], [ISCOMPANYPRODUCED], [QUANTITY]) VALUES (8, N'MOTHERBOARD-001', 3, 107, N'Motherboard', CAST(150.00 AS Decimal(18, 2)), 1, CAST(5.00 AS Decimal(10, 2)))
INSERT [dbo].[ITEM] ([ID], [CODE], [MEASUREMENT_UNIT_CID], [ITEM_CATEGORY_CID], [NAME], [PRICE], [ISCOMPANYPRODUCED], [QUANTITY]) VALUES (9, N'RAM-001', 3, 107, N'RAM Module', CAST(60.00 AS Decimal(18, 2)), 1, CAST(5.00 AS Decimal(10, 2)))
INSERT [dbo].[ITEM] ([ID], [CODE], [MEASUREMENT_UNIT_CID], [ITEM_CATEGORY_CID], [NAME], [PRICE], [ISCOMPANYPRODUCED], [QUANTITY]) VALUES (10, N'GRAPHICS_CARD-001', 1, 201, N'Graphics Card', CAST(250.00 AS Decimal(18, 2)), 0, CAST(0.00 AS Decimal(10, 2)))
INSERT [dbo].[ITEM] ([ID], [CODE], [MEASUREMENT_UNIT_CID], [ITEM_CATEGORY_CID], [NAME], [PRICE], [ISCOMPANYPRODUCED], [QUANTITY]) VALUES (12, N'LAPTOP-002', 1, 1, N'Laptop', CAST(250.00 AS Decimal(18, 2)), 0, CAST(0.00 AS Decimal(10, 2)))
SET IDENTITY_INSERT [dbo].[ITEM] OFF
GO
INSERT [dbo].[PRODUCTION_PHASE] ([CID]) VALUES (1)
INSERT [dbo].[PRODUCTION_PHASE] ([CID]) VALUES (2)
INSERT [dbo].[PRODUCTION_PHASE] ([CID]) VALUES (3)
INSERT [dbo].[PRODUCTION_PHASE] ([CID]) VALUES (4)
INSERT [dbo].[PRODUCTION_PHASE] ([CID]) VALUES (5)
GO
INSERT [dbo].[PRODUCTION_MACHINE] ([CID]) VALUES (2156)
INSERT [dbo].[PRODUCTION_MACHINE] ([CID]) VALUES (3927)
INSERT [dbo].[PRODUCTION_MACHINE] ([CID]) VALUES (4571)
INSERT [dbo].[PRODUCTION_MACHINE] ([CID]) VALUES (6489)
INSERT [dbo].[PRODUCTION_MACHINE] ([CID]) VALUES (8234)
GO
SET IDENTITY_INSERT [dbo].[REGION] ON 

INSERT [dbo].[REGION] ([ID], [CODE], [COUNTRY_CID]) VALUES (1, N'GR-MK-C', 30)
INSERT [dbo].[REGION] ([ID], [CODE], [COUNTRY_CID]) VALUES (2, N'GR-MK-E-TE', 30)
INSERT [dbo].[REGION] ([ID], [CODE], [COUNTRY_CID]) VALUES (3, N'GR-AT', 30)
INSERT [dbo].[REGION] ([ID], [CODE], [COUNTRY_CID]) VALUES (4, N'GR-CR', 30)
INSERT [dbo].[REGION] ([ID], [CODE], [COUNTRY_CID]) VALUES (5, N'GR-EP', 30)
INSERT [dbo].[REGION] ([ID], [CODE], [COUNTRY_CID]) VALUES (6, N'GR-IS', 30)
INSERT [dbo].[REGION] ([ID], [CODE], [COUNTRY_CID]) VALUES (7, N'GR-AE-N', 30)
INSERT [dbo].[REGION] ([ID], [CODE], [COUNTRY_CID]) VALUES (8, N'GR-AE-S', 30)
INSERT [dbo].[REGION] ([ID], [CODE], [COUNTRY_CID]) VALUES (9, N'GR-MK-W', 30)
INSERT [dbo].[REGION] ([ID], [CODE], [COUNTRY_CID]) VALUES (10, N'GR-WG', 30)
INSERT [dbo].[REGION] ([ID], [CODE], [COUNTRY_CID]) VALUES (11, N'GR-PE', 30)
INSERT [dbo].[REGION] ([ID], [CODE], [COUNTRY_CID]) VALUES (12, N'GR-TY', 30)
INSERT [dbo].[REGION] ([ID], [CODE], [COUNTRY_CID]) VALUES (13, N'GR-CG', 30)
INSERT [dbo].[REGION] ([ID], [CODE], [COUNTRY_CID]) VALUES (14, N'US-CA', 1)
INSERT [dbo].[REGION] ([ID], [CODE], [COUNTRY_CID]) VALUES (15, N'US-NY', 1)
INSERT [dbo].[REGION] ([ID], [CODE], [COUNTRY_CID]) VALUES (16, N'US-TX', 1)
INSERT [dbo].[REGION] ([ID], [CODE], [COUNTRY_CID]) VALUES (17, N'DE-BW', 49)
INSERT [dbo].[REGION] ([ID], [CODE], [COUNTRY_CID]) VALUES (18, N'DE-BY', 49)
INSERT [dbo].[REGION] ([ID], [CODE], [COUNTRY_CID]) VALUES (19, N'DE-HH', 49)
INSERT [dbo].[REGION] ([ID], [CODE], [COUNTRY_CID]) VALUES (20, N'JP-13', 81)
INSERT [dbo].[REGION] ([ID], [CODE], [COUNTRY_CID]) VALUES (21, N'JP-27', 81)
INSERT [dbo].[REGION] ([ID], [CODE], [COUNTRY_CID]) VALUES (22, N'JP-14', 81)
INSERT [dbo].[REGION] ([ID], [CODE], [COUNTRY_CID]) VALUES (23, N'EG-C', 20)
INSERT [dbo].[REGION] ([ID], [CODE], [COUNTRY_CID]) VALUES (24, N'EG-A', 20)
INSERT [dbo].[REGION] ([ID], [CODE], [COUNTRY_CID]) VALUES (25, N'EG-G', 20)
INSERT [dbo].[REGION] ([ID], [CODE], [COUNTRY_CID]) VALUES (26, N'AU-NSW', 61)
INSERT [dbo].[REGION] ([ID], [CODE], [COUNTRY_CID]) VALUES (27, N'AU-VIC', 61)
INSERT [dbo].[REGION] ([ID], [CODE], [COUNTRY_CID]) VALUES (28, N'AU-QLD', 61)
SET IDENTITY_INSERT [dbo].[REGION] OFF
GO
INSERT [dbo].[SHIPMENT_COMPANY] ([CID]) VALUES (10001)
INSERT [dbo].[SHIPMENT_COMPANY] ([CID]) VALUES (10234)
INSERT [dbo].[SHIPMENT_COMPANY] ([CID]) VALUES (10567)
INSERT [dbo].[SHIPMENT_COMPANY] ([CID]) VALUES (11023)
INSERT [dbo].[SHIPMENT_COMPANY] ([CID]) VALUES (11589)
GO
INSERT [dbo].[URBAN_AREA_TYPE] ([CID]) VALUES (1)
INSERT [dbo].[URBAN_AREA_TYPE] ([CID]) VALUES (2)
INSERT [dbo].[URBAN_AREA_TYPE] ([CID]) VALUES (3)
INSERT [dbo].[URBAN_AREA_TYPE] ([CID]) VALUES (4)
INSERT [dbo].[URBAN_AREA_TYPE] ([CID]) VALUES (5)
GO
SET IDENTITY_INSERT [dbo].[CITY] ON 

INSERT [dbo].[CITY] ([ID], [REGION_ID], [SHIPMENT_COMPANY_CID], [URBAN_AREA_TYPE_CID]) VALUES (1, 1, 10001, 1)
INSERT [dbo].[CITY] ([ID], [REGION_ID], [SHIPMENT_COMPANY_CID], [URBAN_AREA_TYPE_CID]) VALUES (2, 2, 10234, 1)
INSERT [dbo].[CITY] ([ID], [REGION_ID], [SHIPMENT_COMPANY_CID], [URBAN_AREA_TYPE_CID]) VALUES (3, 3, 10567, 1)
INSERT [dbo].[CITY] ([ID], [REGION_ID], [SHIPMENT_COMPANY_CID], [URBAN_AREA_TYPE_CID]) VALUES (4, 4, 11023, 2)
INSERT [dbo].[CITY] ([ID], [REGION_ID], [SHIPMENT_COMPANY_CID], [URBAN_AREA_TYPE_CID]) VALUES (5, 5, 11589, 2)
INSERT [dbo].[CITY] ([ID], [REGION_ID], [SHIPMENT_COMPANY_CID], [URBAN_AREA_TYPE_CID]) VALUES (6, 6, 10001, 2)
INSERT [dbo].[CITY] ([ID], [REGION_ID], [SHIPMENT_COMPANY_CID], [URBAN_AREA_TYPE_CID]) VALUES (7, 7, 10234, 2)
INSERT [dbo].[CITY] ([ID], [REGION_ID], [SHIPMENT_COMPANY_CID], [URBAN_AREA_TYPE_CID]) VALUES (8, 8, 10567, 2)
INSERT [dbo].[CITY] ([ID], [REGION_ID], [SHIPMENT_COMPANY_CID], [URBAN_AREA_TYPE_CID]) VALUES (9, 9, 11023, 2)
INSERT [dbo].[CITY] ([ID], [REGION_ID], [SHIPMENT_COMPANY_CID], [URBAN_AREA_TYPE_CID]) VALUES (10, 10, 11589, 3)
INSERT [dbo].[CITY] ([ID], [REGION_ID], [SHIPMENT_COMPANY_CID], [URBAN_AREA_TYPE_CID]) VALUES (11, 11, 10001, 3)
INSERT [dbo].[CITY] ([ID], [REGION_ID], [SHIPMENT_COMPANY_CID], [URBAN_AREA_TYPE_CID]) VALUES (12, 12, 10234, 3)
INSERT [dbo].[CITY] ([ID], [REGION_ID], [SHIPMENT_COMPANY_CID], [URBAN_AREA_TYPE_CID]) VALUES (13, 13, 10567, 3)
INSERT [dbo].[CITY] ([ID], [REGION_ID], [SHIPMENT_COMPANY_CID], [URBAN_AREA_TYPE_CID]) VALUES (14, 14, 11023, 3)
INSERT [dbo].[CITY] ([ID], [REGION_ID], [SHIPMENT_COMPANY_CID], [URBAN_AREA_TYPE_CID]) VALUES (15, 15, 11589, 3)
SET IDENTITY_INSERT [dbo].[CITY] OFF
GO
SET IDENTITY_INSERT [dbo].[INVOICE] ON 

INSERT [dbo].[INVOICE] ([ID], [IS_CUSTOMER_INVOICE], [CUSTOMER_ID], [SUPPLIER_ID], [ITEM_ORDER_ID]) VALUES (1, 1, 1, NULL, 1)
INSERT [dbo].[INVOICE] ([ID], [IS_CUSTOMER_INVOICE], [CUSTOMER_ID], [SUPPLIER_ID], [ITEM_ORDER_ID]) VALUES (2, 1, 2, NULL, 2)
INSERT [dbo].[INVOICE] ([ID], [IS_CUSTOMER_INVOICE], [CUSTOMER_ID], [SUPPLIER_ID], [ITEM_ORDER_ID]) VALUES (3, 1, 3, NULL, 3)
INSERT [dbo].[INVOICE] ([ID], [IS_CUSTOMER_INVOICE], [CUSTOMER_ID], [SUPPLIER_ID], [ITEM_ORDER_ID]) VALUES (4, 0, NULL, 1, 4)
INSERT [dbo].[INVOICE] ([ID], [IS_CUSTOMER_INVOICE], [CUSTOMER_ID], [SUPPLIER_ID], [ITEM_ORDER_ID]) VALUES (5, 0, NULL, 2, 5)
INSERT [dbo].[INVOICE] ([ID], [IS_CUSTOMER_INVOICE], [CUSTOMER_ID], [SUPPLIER_ID], [ITEM_ORDER_ID]) VALUES (6, 0, NULL, 3, 6)
SET IDENTITY_INSERT [dbo].[INVOICE] OFF
GO
SET IDENTITY_INSERT [dbo].[ITEM_SPEC] ON 

INSERT [dbo].[ITEM_SPEC] ([ID], [ITEM_ID], [SPEC_TYPE_CID], [TITLE], [VALUE]) VALUES (4, 2, 4, N'Keyboard Layout', 104)
INSERT [dbo].[ITEM_SPEC] ([ID], [ITEM_ID], [SPEC_TYPE_CID], [TITLE], [VALUE]) VALUES (5, 2, 5, N'Graphics Card', 2)
INSERT [dbo].[ITEM_SPEC] ([ID], [ITEM_ID], [SPEC_TYPE_CID], [TITLE], [VALUE]) VALUES (6, 2, 1, N'Operating System', 10)
INSERT [dbo].[ITEM_SPEC] ([ID], [ITEM_ID], [SPEC_TYPE_CID], [TITLE], [VALUE]) VALUES (7, 3, 2, N'Screen Resolution', 1080)
INSERT [dbo].[ITEM_SPEC] ([ID], [ITEM_ID], [SPEC_TYPE_CID], [TITLE], [VALUE]) VALUES (8, 3, 3, N'Storage Capacity (GB)', 512)
INSERT [dbo].[ITEM_SPEC] ([ID], [ITEM_ID], [SPEC_TYPE_CID], [TITLE], [VALUE]) VALUES (9, 3, 4, N'Cooling System', 3)
INSERT [dbo].[ITEM_SPEC] ([ID], [ITEM_ID], [SPEC_TYPE_CID], [TITLE], [VALUE]) VALUES (21, 2, 1, N'RAM Size', 32)
INSERT [dbo].[ITEM_SPEC] ([ID], [ITEM_ID], [SPEC_TYPE_CID], [TITLE], [VALUE]) VALUES (22, 2, 2, N'Processor Speed', 4)
INSERT [dbo].[ITEM_SPEC] ([ID], [ITEM_ID], [SPEC_TYPE_CID], [TITLE], [VALUE]) VALUES (23, 2, 3, N'Storage Capacity', 1)
INSERT [dbo].[ITEM_SPEC] ([ID], [ITEM_ID], [SPEC_TYPE_CID], [TITLE], [VALUE]) VALUES (24, 10, 4, N'Graphics Card VRAM', 8)
SET IDENTITY_INSERT [dbo].[ITEM_SPEC] OFF
GO
SET IDENTITY_INSERT [dbo].[CUSTOMER_PLACE] ON 

INSERT [dbo].[CUSTOMER_PLACE] ([ID], [CUSTOMER_ID], [ADDRESS], [CITY_ID]) VALUES (1, 1, N'12 Vasilissis Olgas St', 2)
INSERT [dbo].[CUSTOMER_PLACE] ([ID], [CUSTOMER_ID], [ADDRESS], [CITY_ID]) VALUES (2, 2, N'45 Nikis Ave', 2)
INSERT [dbo].[CUSTOMER_PLACE] ([ID], [CUSTOMER_ID], [ADDRESS], [CITY_ID]) VALUES (3, 3, N'7 Tsimiski St', 2)
SET IDENTITY_INSERT [dbo].[CUSTOMER_PLACE] OFF
GO
SET IDENTITY_INSERT [dbo].[SUPPLIER_PLACE] ON 

INSERT [dbo].[SUPPLIER_PLACE] ([ID], [SUPPLIER_ID], [ADDRESS], [CITY_ID]) VALUES (1, 1, N'56 Ermou St', 1)
INSERT [dbo].[SUPPLIER_PLACE] ([ID], [SUPPLIER_ID], [ADDRESS], [CITY_ID]) VALUES (2, 2, N'33 Panepistimiou St', 1)
INSERT [dbo].[SUPPLIER_PLACE] ([ID], [SUPPLIER_ID], [ADDRESS], [CITY_ID]) VALUES (3, 3, N'88 Syntagma Square', 1)
SET IDENTITY_INSERT [dbo].[SUPPLIER_PLACE] OFF
GO
INSERT [dbo].[SPEC_TYPE] ([CID], [SPECIFICATION_NAME], [UNIT_NAME]) VALUES (1, N'RAM Size', N'GB')
INSERT [dbo].[SPEC_TYPE] ([CID], [SPECIFICATION_NAME], [UNIT_NAME]) VALUES (2, N'Processor Speed', N'GHz')
INSERT [dbo].[SPEC_TYPE] ([CID], [SPECIFICATION_NAME], [UNIT_NAME]) VALUES (3, N'Storage Capacity', N'GB')
INSERT [dbo].[SPEC_TYPE] ([CID], [SPECIFICATION_NAME], [UNIT_NAME]) VALUES (4, N'Graphics Card VRAM', N'GB')
INSERT [dbo].[SPEC_TYPE] ([CID], [SPECIFICATION_NAME], [UNIT_NAME]) VALUES (5, N'Screen Size', N'Inches')
GO
